-- seed_sqlite.sql
-- SQLite version

PRAGMA foreign_keys = ON;

-- References
-- Genres
INSERT INTO genres(id, name, slug, description)
VALUES (1, 'Adventure', 'adventure', 'Stories focused on journeys, exploration, danger, and exciting challenges.'),
       (2, 'Biography', 'biography', 'Books about the life of a real person.'),
       (3, 'Business', 'business', 'Books about companies, management, entrepreneurship, leadership, and markets.'),
       (4, 'Children''s Literature', 'childrens-literature', 'Books written for children, often with simple language, imagination, and clear themes.'),
       (5, 'Classic Literature', 'classic-literature', 'Influential works of fiction with lasting literary or cultural importance.'),
       (6, 'Crime', 'crime', 'Stories about criminal acts, investigations, justice, and the people involved.'),
       (7, 'Detective', 'detective','Stories focused on solving a crime or a puzzle.'),
       (8, 'Drama', 'drama', 'Stories written for performance or centered on serious conflict and character development.'),
       (9, 'Fantasy', 'fantasy', 'Books with magic, supernatural elements, or imaginary worlds.'),
       (10, 'Historical Fiction', 'historical-fiction', 'Fictional stories set in real historical periods or events.'),
       (11, 'Horror', 'horror', 'Stories designed to create fear, suspense, or a sense of dread.'),
       (12, 'Humor', 'humor', 'Books written to entertain through wit, comedy, satire, or absurd situations.'),
       (13, 'Memoir', 'memoir', 'Personal stories written from the author''s own life and experience.'),
       (14, 'Mystery', 'mystery', 'Stories centered on secrets, clues, and unanswered questions.'),
       (15, 'Nonfiction', 'nonfiction', 'Informative books based on real events, facts, research, or personal experience.'),
       (16, 'Philosophy', 'philosophy', 'Books exploring ideas about knowledge, ethics, reality, meaning, and human life.'),
       (17, 'Poetry', 'poetry', 'Books written in verse, often focused on rhythm, imagery, and emotional expression.'),
       (18, 'Romance', 'romance','Stories about love, relationships, and emotions.'),
       (19, 'Science Fiction', 'science-fiction', 'Stories based on futuristic technology, space exploration, time travel, or scientific ideas.'),
       (20, 'Self-Help', 'self-help', 'Books offering practical advice for personal growth, habits, relationships, or wellbeing.'),
       (21, 'Thriller', 'thriller', 'Fast-paced stories built around danger, tension, and high stakes.'),
       (22, 'Travel', 'travel', 'Books about places, journeys, cultures, and personal experiences while traveling.'),
       (23, 'Young Adult', 'young-adult', 'Books written primarily for teenage readers, often focused on identity, growth, and relationships.');

-- Data
-- Authors
INSERT INTO authors(id, first_name, second_name, sur_name, description)
VALUES (1, 'Agatha', '', 'Christie',
        'Known as the "Queen of Crime" she is the best-selling novelist of all time. Her stories often feature famous
   detectives like Hercule Poirot and Miss Marple. Her plots are celebrated for their clever "whodunit" puzzles and unexpected plot twists.'),
       (2, 'Arthur', 'Conan', 'Doyle',
        'The creator of the world''s most famous consulting detective, Sherlock Holmes, and his loyal friend Dr. Watson.
   His stories are based on logical reasoning, forensic science, and brilliant observation, mostly set in Victorian
   London.'),
       (3, 'Jane', '', 'Austen',
        'An English novelist known for sharp social observation, wit, and memorable stories about love, class, and family life.'),
       (4, 'Mary', '', 'Shelley',
        'An English writer best known for creating one of the earliest and most influential works of science fiction.'),
       (5, 'Jules', '', 'Verne',
        'A French author famous for adventure novels that imagine travel, exploration, and scientific invention.'),
       (6, 'H. G.', '', 'Wells',
        'An English writer whose speculative fiction explored time travel, alien invasion, science, and social change.'),
       (7, 'Bram', '', 'Stoker',
        'An Irish writer best known for a landmark Gothic horror novel about Count Dracula.'),
       (8, 'Leo', '', 'Tolstoy',
        'A Russian novelist known for sweeping historical fiction and deep psychological portraits of society and family.'),
       (9, 'Fyodor', '', 'Dostoevsky',
        'A Russian novelist whose works explore morality, guilt, faith, crime, and the inner lives of conflicted characters.'),
       (10, 'Mark', '', 'Twain',
        'An American writer and humorist known for adventure stories, satire, and vivid portraits of life along the Mississippi River.'),
       (11, 'Lewis', '', 'Carroll',
        'An English author and mathematician remembered for playful, imaginative, and nonsensical children''s stories.'),
       (12, 'Charles', '', 'Dickens',
        'An English novelist known for vivid characters, social criticism, and stories of poverty, ambition, and transformation.'),
       (13, 'Oscar', '', 'Wilde',
        'An Irish writer known for wit, style, plays, essays, and fiction that often satirizes society and vanity.'),
       (14, 'Robert', 'Louis', 'Stevenson',
        'A Scottish author known for adventure fiction, psychological mystery, and memorable tales of danger and discovery.'),
       (15, 'Alexandre', '', 'Dumas',
        'A French writer famous for historical adventure novels filled with intrigue, revenge, loyalty, and action.'),
       (16, 'George', '', 'Orwell',
        'An English writer known for political fiction, essays, and clear warnings about power, propaganda, and control.'),
       (17, 'Charlotte', '', 'Bronte',
        'An English novelist known for emotionally intense fiction about independence, morality, love, and social position.'),
       (18, 'Emily', '', 'Bronte',
        'An English novelist and poet remembered for a passionate, dark, and influential romance set on the Yorkshire moors.'),
       (19, 'Virginia', '', 'Woolf',
        'An English modernist writer known for experimental prose, interior life, and portraits of memory and society.'),
       (20, 'Marcus', '', 'Aurelius',
        'A Roman emperor and Stoic philosopher whose personal writings reflect on discipline, duty, and the nature of life.'),
       (21, 'Benjamin', '', 'Franklin',
        'An American writer, inventor, diplomat, and statesman whose autobiography became a classic of personal development.'),
       (22, 'Charles', '', 'Darwin',
        'An English naturalist whose work transformed scientific understanding of life, adaptation, and evolution.'),
       (23, 'Adam', '', 'Smith',
        'A Scottish philosopher and economist known for foundational writing about markets, labor, and economic life.'),
       (24, 'Sun', '', 'Tzu',
        'An ancient Chinese military strategist traditionally credited with a concise and influential work on strategy.');

-- Books
INSERT INTO books(title, slug, description, book_author_id, book_genre_id)
VALUES ('Murder on the Orient Express',
        'murder-on-the-orient-express',
        'While traveling from Istanbul to London on the luxurious Orient Express, a wealthy American businessman is found murdered in his locked compartment. A snowdrift stops the train in Yugoslavia, leaving the detective Hercule Poirot to identify the killer among a group of diverse passengers, all of whom have secrets to hide. It is famous for having one of the most ingenious endings in detective fiction.',
        1, 7),
       ('The Hound of the Baskervilles',
        'the-hound-of-the-baskervilles',
        'This is perhaps the most celebrated Sherlock Holmes novel. Holmes and Dr. Watson travel to Dartmoor to investigate the mysterious death of Sir Charles Baskerville. Locals believe a supernatural, spectral hound haunts the foggy moors, cursed to kill members of the Baskerville family. Holmes must use logic to determine if the threat is truly paranormal or a cold-blooded human plot.',
        2, 7),
       ('Pride and Prejudice',
        'pride-and-prejudice',
        'Elizabeth Bennet navigates family expectations, social pressure, and her changing judgment of the proud Mr. Darcy. The novel is known for its wit, romance, and sharp view of manners and class.',
        3, 18),
       ('Frankenstein',
        'frankenstein',
        'Victor Frankenstein creates a living being through scientific ambition, then recoils from the consequences. The story blends Gothic horror with questions about responsibility, loneliness, and creation.',
        4, 11),
       ('Twenty Thousand Leagues Under the Seas',
        'twenty-thousand-leagues-under-the-seas',
        'Professor Aronnax joins a voyage aboard Captain Nemo''s submarine, the Nautilus. The novel follows underwater exploration, danger, and encounters with the mysteries of the ocean.',
        5, 1),
       ('The Time Machine',
        'the-time-machine',
        'A scientist travels far into the future and discovers strange societies that reveal unsettling possibilities for humanity. It is one of the defining early stories of time travel fiction.',
        6, 19),
       ('Dracula',
        'dracula',
        'A group of friends and doctors confront Count Dracula after his arrival in England. Told through letters and journals, the novel became one of the most influential vampire stories.',
        7, 11),
       ('War and Peace',
        'war-and-peace',
        'Set during the Napoleonic Wars, this sweeping novel follows aristocratic families through love, battle, politics, and personal change. It combines intimate lives with a broad view of history.',
        8, 10),
       ('Crime and Punishment',
        'crime-and-punishment',
        'A poor former student in Saint Petersburg commits murder and is consumed by guilt, fear, and moral conflict. The novel explores crime, conscience, and the possibility of redemption.',
        9, 6),
       ('Adventures of Huckleberry Finn',
        'adventures-of-huckleberry-finn',
        'Huck Finn travels down the Mississippi River with Jim, encountering danger, hypocrisy, humor, and moral choices. The novel is a major work of American adventure and social satire.',
        10, 1),
       ('Alice''s Adventures in Wonderland',
        'alices-adventures-in-wonderland',
        'Alice follows a white rabbit into a strange world filled with wordplay, impossible logic, and unforgettable characters. It remains a classic of imaginative children''s literature.',
        11, 4),
       ('Great Expectations',
        'great-expectations',
        'Pip rises from a poor childhood toward wealth and status while learning painful lessons about ambition, loyalty, shame, and love. The novel is one of Dickens''s best-known coming-of-age stories.',
        12, 5),
       ('The Picture of Dorian Gray',
        'the-picture-of-dorian-gray',
        'Dorian Gray remains outwardly young while a hidden portrait records the corruption of his soul. The novel explores beauty, vanity, influence, and moral decay.',
        13, 5),
       ('Treasure Island',
        'treasure-island',
        'Young Jim Hawkins joins a dangerous voyage in search of buried treasure. Pirates, maps, mutiny, and Long John Silver make it a defining adventure story.',
        14, 1),
       ('The Count of Monte Cristo',
        'the-count-of-monte-cristo',
        'Edmond Dantes is betrayed, imprisoned, and later returns under a new identity to seek justice and revenge. The novel is a sweeping tale of adventure, patience, and transformation.',
        15, 1),
       ('Animal Farm',
        'animal-farm',
        'Farm animals overthrow their human owner but slowly find their revolution corrupted by power. The short novel is a political allegory about propaganda, control, and betrayal.',
        16, 5),
       ('Jane Eyre',
        'jane-eyre',
        'Jane Eyre grows from an orphaned child into an independent woman who must choose between passion, conscience, and self-respect. The novel blends romance with moral and social conflict.',
        17, 18),
       ('Wuthering Heights',
        'wuthering-heights',
        'A dark and intense story of love, revenge, obsession, and family conflict on the Yorkshire moors. The novel is known for its emotional force and Gothic atmosphere.',
        18, 18),
       ('Mrs Dalloway',
        'mrs-dalloway',
        'Over the course of a single day in London, Clarissa Dalloway prepares for a party while memories and inner lives unfold around her. The novel is a landmark of modernist fiction.',
        19, 5),
       ('Meditations',
        'meditations',
        'A collection of personal reflections on Stoic philosophy, self-discipline, duty, mortality, and living with reason. The work was written as private notes rather than a formal treatise.',
        20, 16),
       ('The Autobiography of Benjamin Franklin',
        'the-autobiography-of-benjamin-franklin',
        'Franklin recounts his life, habits, ambitions, public work, and ideas about self-improvement. The book became an influential memoir and practical guide to character and success.',
        21, 13),
       ('On the Origin of Species',
        'on-the-origin-of-species',
        'Darwin presents his theory of evolution by natural selection, drawing on observations of variation, adaptation, and the struggle for survival. It is one of the most important works in science.',
        22, 15),
       ('The Wealth of Nations',
        'the-wealth-of-nations',
        'Smith examines labor, productivity, markets, trade, and the forces that shape national prosperity. The book became a foundational work of economics.',
        23, 3),
       ('The Art of War',
        'the-art-of-war',
        'A concise work on strategy, planning, leadership, and conflict. Its ideas have been applied far beyond military settings, including business and personal decision-making.',
        24, 16);
