-- seed_sqlite.sql
-- SQLite version

PRAGMA foreign_keys = ON;

-- References
-- Genres
INSERT INTO genres(id, name, slug, description)
VALUES (1, 'Adventure', 'adventure', 'Stories focused on journeys, exploration, danger, and exciting challenges.'),
       (2, 'Biography', 'biography', 'Books about the life of a real person.'),
       (3, 'Business', 'business', 'Books about companies, management, entrepreneurship, leadership, and markets.'),
       (4, 'Children''s Literature', 'childrens-literature', 'Books written for children, often with simple language, imagination, and clear themes.'),
       (5, 'Classic Literature', 'classic-literature', 'Influential works of fiction with lasting literary or cultural importance.'),
       (6, 'Crime', 'crime', 'Stories about criminal acts, investigations, justice, and the people involved.'),
       (7, 'Detective', 'detective','Stories focused on solving a crime or a puzzle.'),
       (8, 'Drama', 'drama', 'Stories written for performance or centered on serious conflict and character development.'),
       (9, 'Fantasy', 'fantasy', 'Books with magic, supernatural elements, or imaginary worlds.'),
       (10, 'Historical Fiction', 'historical-fiction', 'Fictional stories set in real historical periods or events.'),
       (11, 'Horror', 'horror', 'Stories designed to create fear, suspense, or a sense of dread.'),
       (12, 'Humor', 'humor', 'Books written to entertain through wit, comedy, satire, or absurd situations.'),
       (13, 'Memoir', 'memoir', 'Personal stories written from the author''s own life and experience.'),
       (14, 'Mystery', 'mystery', 'Stories centered on secrets, clues, and unanswered questions.'),
       (15, 'Nonfiction', 'nonfiction', 'Informative books based on real events, facts, research, or personal experience.'),
       (16, 'Philosophy', 'philosophy', 'Books exploring ideas about knowledge, ethics, reality, meaning, and human life.'),
       (17, 'Poetry', 'poetry', 'Books written in verse, often focused on rhythm, imagery, and emotional expression.'),
       (18, 'Romance', 'romance','Stories about love, relationships, and emotions.'),
       (19, 'Science Fiction', 'science-fiction', 'Stories based on futuristic technology, space exploration, time travel, or scientific ideas.'),
       (20, 'Self-Help', 'self-help', 'Books offering practical advice for personal growth, habits, relationships, or wellbeing.'),
       (21, 'Thriller', 'thriller', 'Fast-paced stories built around danger, tension, and high stakes.'),
       (22, 'Travel', 'travel', 'Books about places, journeys, cultures, and personal experiences while traveling.'),
       (23, 'Young Adult', 'young-adult', 'Books written primarily for teenage readers, often focused on identity, growth, and relationships.');

-- Data
-- Authors
INSERT INTO authors(id, first_name, second_name, sur_name, description)
VALUES (1, 'Agatha', '', 'Christie',
        'Known as the "Queen of Crime" she is the best-selling novelist of all time. Her stories often feature famous
   detectives like Hercule Poirot and Miss Marple. Her plots are celebrated for their clever "whodunit" puzzles and unexpected plot twists.'),
       (2, 'Arthur', 'Conan', 'Doyle',
        'The creator of the world''s most famous consulting detective, Sherlock Holmes, and his loyal friend Dr. Watson.
   His stories are based on logical reasoning, forensic science, and brilliant observation, mostly set in Victorian
   London.'),
       (3, 'Jane', '', 'Austen',
        'An English novelist known for sharp social observation, wit, and memorable stories about love, class, and family life.'),
       (4, 'Mary', '', 'Shelley',
        'An English writer best known for creating one of the earliest and most influential works of science fiction.'),
       (5, 'Jules', '', 'Verne',
        'A French author famous for adventure novels that imagine travel, exploration, and scientific invention.'),
       (6, 'H. G.', '', 'Wells',
        'An English writer whose speculative fiction explored time travel, alien invasion, science, and social change.'),
       (7, 'Bram', '', 'Stoker',
        'An Irish writer best known for a landmark Gothic horror novel about Count Dracula.'),
       (8, 'Leo', '', 'Tolstoy',
        'A Russian novelist known for sweeping historical fiction and deep psychological portraits of society and family.'),
       (9, 'Fyodor', '', 'Dostoevsky',
        'A Russian novelist whose works explore morality, guilt, faith, crime, and the inner lives of conflicted characters.'),
       (10, 'Mark', '', 'Twain',
        'An American writer and humorist known for adventure stories, satire, and vivid portraits of life along the Mississippi River.'),
       (11, 'Lewis', '', 'Carroll',
        'An English author and mathematician remembered for playful, imaginative, and nonsensical children''s stories.'),
       (12, 'Charles', '', 'Dickens',
        'An English novelist known for vivid characters, social criticism, and stories of poverty, ambition, and transformation.'),
       (13, 'Oscar', '', 'Wilde',
        'An Irish writer known for wit, style, plays, essays, and fiction that often satirizes society and vanity.'),
       (14, 'Robert', 'Louis', 'Stevenson',
        'A Scottish author known for adventure fiction, psychological mystery, and memorable tales of danger and discovery.'),
       (15, 'Alexandre', '', 'Dumas',
        'A French writer famous for historical adventure novels filled with intrigue, revenge, loyalty, and action.'),
       (16, 'George', '', 'Orwell',
        'An English writer known for political fiction, essays, and clear warnings about power, propaganda, and control.'),
       (17, 'Charlotte', '', 'Bronte',
        'An English novelist known for emotionally intense fiction about independence, morality, love, and social position.'),
       (18, 'Emily', '', 'Bronte',
        'An English novelist and poet remembered for a passionate, dark, and influential romance set on the Yorkshire moors.'),
       (19, 'Virginia', '', 'Woolf',
        'An English modernist writer known for experimental prose, interior life, and portraits of memory and society.'),
       (20, 'Marcus', '', 'Aurelius',
        'A Roman emperor and Stoic philosopher whose personal writings reflect on discipline, duty, and the nature of life.'),
       (21, 'Benjamin', '', 'Franklin',
        'An American writer, inventor, diplomat, and statesman whose autobiography became a classic of personal development.'),
       (22, 'Charles', '', 'Darwin',
        'An English naturalist whose work transformed scientific understanding of life, adaptation, and evolution.'),
       (23, 'Adam', '', 'Smith',
        'A Scottish philosopher and economist known for foundational writing about markets, labor, and economic life.'),
       (24, 'Sun', '', 'Tzu',
        'An ancient Chinese military strategist traditionally credited with a concise and influential work on strategy.');

-- Books
INSERT INTO books(title, slug, description, book_author_id, book_genre_id)
VALUES ('Murder on the Orient Express',
        'murder-on-the-orient-express',
        'While traveling from Istanbul to London on the luxurious Orient Express, a wealthy American businessman is found murdered in his locked compartment. A snowdrift stops the train in Yugoslavia, leaving the detective Hercule Poirot to identify the killer among a group of diverse passengers, all of whom have secrets to hide. It is famous for having one of the most ingenious endings in detective fiction.',
        1, 7),
       ('The Hound of the Baskervilles',
        'the-hound-of-the-baskervilles',
        'This is perhaps the most celebrated Sherlock Holmes novel. Holmes and Dr. Watson travel to Dartmoor to investigate the mysterious death of Sir Charles Baskerville. Locals believe a supernatural, spectral hound haunts the foggy moors, cursed to kill members of the Baskerville family. Holmes must use logic to determine if the threat is truly paranormal or a cold-blooded human plot.',
        2, 7),
       ('Pride and Prejudice',
        'pride-and-prejudice',
        'Elizabeth Bennet navigates family expectations, social pressure, and her changing judgment of the proud Mr. Darcy. The novel is known for its wit, romance, and sharp view of manners and class.',
        3, 18),
       ('Frankenstein',
        'frankenstein',
        'Victor Frankenstein creates a living being through scientific ambition, then recoils from the consequences. The story blends Gothic horror with questions about responsibility, loneliness, and creation.',
        4, 11),
       ('Twenty Thousand Leagues Under the Seas',
        'twenty-thousand-leagues-under-the-seas',
        'Professor Aronnax joins a voyage aboard Captain Nemo''s submarine, the Nautilus. The novel follows underwater exploration, danger, and encounters with the mysteries of the ocean.',
        5, 1),
       ('The Time Machine',
        'the-time-machine',
        'A scientist travels far into the future and discovers strange societies that reveal unsettling possibilities for humanity. It is one of the defining early stories of time travel fiction.',
        6, 19),
       ('Dracula',
        'dracula',
        'A group of friends and doctors confront Count Dracula after his arrival in England. Told through letters and journals, the novel became one of the most influential vampire stories.',
        7, 11),
       ('War and Peace',
        'war-and-peace',
        'Set during the Napoleonic Wars, this sweeping novel follows aristocratic families through love, battle, politics, and personal change. It combines intimate lives with a broad view of history.',
        8, 10),
       ('Crime and Punishment',
        'crime-and-punishment',
        'A poor former student in Saint Petersburg commits murder and is consumed by guilt, fear, and moral conflict. The novel explores crime, conscience, and the possibility of redemption.',
        9, 6),
       ('Adventures of Huckleberry Finn',
        'adventures-of-huckleberry-finn',
        'Huck Finn travels down the Mississippi River with Jim, encountering danger, hypocrisy, humor, and moral choices. The novel is a major work of American adventure and social satire.',
        10, 1),
       ('Alice''s Adventures in Wonderland',
        'alices-adventures-in-wonderland',
        'Alice follows a white rabbit into a strange world filled with wordplay, impossible logic, and unforgettable characters. It remains a classic of imaginative children''s literature.',
        11, 4),
       ('Great Expectations',
        'great-expectations',
        'Pip rises from a poor childhood toward wealth and status while learning painful lessons about ambition, loyalty, shame, and love. The novel is one of Dickens''s best-known coming-of-age stories.',
        12, 5),
       ('The Picture of Dorian Gray',
        'the-picture-of-dorian-gray',
        'Dorian Gray remains outwardly young while a hidden portrait records the corruption of his soul. The novel explores beauty, vanity, influence, and moral decay.',
        13, 5),
       ('Treasure Island',
        'treasure-island',
        'Young Jim Hawkins joins a dangerous voyage in search of buried treasure. Pirates, maps, mutiny, and Long John Silver make it a defining adventure story.',
        14, 1),
       ('The Count of Monte Cristo',
        'the-count-of-monte-cristo',
        'Edmond Dantes is betrayed, imprisoned, and later returns under a new identity to seek justice and revenge. The novel is a sweeping tale of adventure, patience, and transformation.',
        15, 1),
       ('Animal Farm',
        'animal-farm',
        'Farm animals overthrow their human owner but slowly find their revolution corrupted by power. The short novel is a political allegory about propaganda, control, and betrayal.',
        16, 5),
       ('Jane Eyre',
        'jane-eyre',
        'Jane Eyre grows from an orphaned child into an independent woman who must choose between passion, conscience, and self-respect. The novel blends romance with moral and social conflict.',
        17, 18),
       ('Wuthering Heights',
        'wuthering-heights',
        'A dark and intense story of love, revenge, obsession, and family conflict on the Yorkshire moors. The novel is known for its emotional force and Gothic atmosphere.',
        18, 18),
       ('Mrs Dalloway',
        'mrs-dalloway',
        'Over the course of a single day in London, Clarissa Dalloway prepares for a party while memories and inner lives unfold around her. The novel is a landmark of modernist fiction.',
        19, 5),
       ('Meditations',
        'meditations',
        'A collection of personal reflections on Stoic philosophy, self-discipline, duty, mortality, and living with reason. The work was written as private notes rather than a formal treatise.',
        20, 16),
       ('The Autobiography of Benjamin Franklin',
        'the-autobiography-of-benjamin-franklin',
        'Franklin recounts his life, habits, ambitions, public work, and ideas about self-improvement. The book became an influential memoir and practical guide to character and success.',
        21, 13),
       ('On the Origin of Species',
        'on-the-origin-of-species',
        'Darwin presents his theory of evolution by natural selection, drawing on observations of variation, adaptation, and the struggle for survival. It is one of the most important works in science.',
        22, 15),
       ('The Wealth of Nations',
        'the-wealth-of-nations',
        'Smith examines labor, productivity, markets, trade, and the forces that shape national prosperity. The book became a foundational work of economics.',
        23, 3),
       ('The Art of War',
        'the-art-of-war',
        'A concise work on strategy, planning, leadership, and conflict. Its ideas have been applied far beyond military settings, including business and personal decision-making.',
        24, 16),
       ('And Then There Were None',
        'and-then-there-were-none',
        'Ten strangers are invited to an isolated island, where they are accused of hidden crimes and killed one by one. The novel is one of Christie''s most famous closed-circle mysteries.',
        1, 21),
       ('Death on the Nile',
        'death-on-the-nile',
        'Hercule Poirot investigates murder during a luxurious river cruise in Egypt. The story mixes jealousy, wealth, deception, and a carefully planned crime.',
        1, 7),
       ('The A.B.C. Murders',
        'the-abc-murders',
        'Poirot receives taunting letters before a series of alphabetical murders. The investigation tests pattern, motive, and the danger of assuming too much.',
        1, 7),
       ('The Murder at the Vicarage',
        'the-murder-at-the-vicarage',
        'Miss Marple investigates a killing in the quiet village of St. Mary Mead. The book introduces one of Christie''s most beloved detectives.',
        1, 14),
       ('A Study in Scarlet',
        'a-study-in-scarlet',
        'Sherlock Holmes and Dr. Watson meet for the first time and investigate a strange murder in London. The novel introduces Holmes''s methods of deduction.',
        2, 7),
       ('The Sign of the Four',
        'the-sign-of-the-four',
        'Holmes and Watson follow clues involving stolen treasure, betrayal, and a mysterious pact. The case expands the partnership between the famous detective and his companion.',
        2, 7),
       ('The Adventures of Sherlock Holmes',
        'the-adventures-of-sherlock-holmes',
        'A collection of short cases featuring Sherlock Holmes and Dr. Watson. The stories highlight disguise, deduction, social secrets, and criminal schemes.',
        2, 7),
       ('The Lost World',
        'the-lost-world',
        'Professor Challenger leads an expedition to a remote plateau where prehistoric creatures still survive. The novel is a classic adventure with scientific imagination.',
        2, 1),
       ('Sense and Sensibility',
        'sense-and-sensibility',
        'The Dashwood sisters face love, money, reputation, and disappointment after their family fortune changes. The novel contrasts emotional openness with restraint.',
        3, 18),
       ('Emma',
        'emma',
        'Emma Woodhouse enjoys matchmaking but misunderstands the feelings and needs of the people around her. The novel is a witty study of self-knowledge and social life.',
        3, 18),
       ('Mansfield Park',
        'mansfield-park',
        'Fanny Price grows up among wealthy relatives and must decide what she values when charm, ambition, and morality collide. The novel explores class and conscience.',
        3, 5),
       ('Persuasion',
        'persuasion',
        'Anne Elliot meets Captain Wentworth years after being persuaded to reject him. The novel follows regret, maturity, and a second chance at love.',
        3, 18),
       ('The Last Man',
        'the-last-man',
        'A future plague devastates humanity while the survivors confront loss, politics, and isolation. The novel is an early example of apocalyptic science fiction.',
        4, 19),
       ('Mathilda',
        'mathilda',
        'A young woman reflects on grief, isolation, and a painful family secret. The novella is intense, introspective, and shaped by Gothic emotion.',
        4, 8),
       ('Valperga',
        'valperga',
        'Set in medieval Italy, the novel follows political ambition, love, and conflict around the historical figure Castruccio Castracani. It blends romance with history.',
        4, 10),
       ('Lodore',
        'lodore',
        'A family story about inheritance, marriage, responsibility, and the effects of parental choices. The novel focuses on social pressure and women''s lives.',
        4, 5),
       ('Journey to the Center of the Earth',
        'journey-to-the-center-of-the-earth',
        'A professor, his nephew, and their guide descend into volcanic passages in search of a hidden world beneath the surface. The novel combines science and adventure.',
        5, 1),
       ('Around the World in Eighty Days',
        'around-the-world-in-eighty-days',
        'Phileas Fogg makes a wager that he can circle the globe in eighty days. The story moves quickly through travel, timing, and unexpected obstacles.',
        5, 22),
       ('The Mysterious Island',
        'the-mysterious-island',
        'Castaways survive on a remote island by using knowledge, invention, and cooperation. The novel celebrates exploration and practical science.',
        5, 1),
       ('From the Earth to the Moon',
        'from-the-earth-to-the-moon',
        'A group of inventors plans to launch a projectile to the moon. The novel imagines space travel through engineering, ambition, and bold speculation.',
        5, 19),
       ('The War of the Worlds',
        'the-war-of-the-worlds',
        'Martians invade Earth with terrifying machines and advanced weapons. The novel is a foundational alien invasion story and a study of panic and survival.',
        6, 19),
       ('The Invisible Man',
        'the-invisible-man',
        'A scientist discovers invisibility but becomes increasingly unstable and dangerous. The story explores power, isolation, and the loss of ordinary human limits.',
        6, 19),
       ('The Island of Doctor Moreau',
        'the-island-of-doctor-moreau',
        'A shipwrecked man discovers a remote island where a scientist performs disturbing experiments. The novel questions cruelty, identity, and scientific responsibility.',
        6, 11),
       ('The First Men in the Moon',
        'the-first-men-in-the-moon',
        'Two men travel to the moon and encounter an organized underground civilization. The story mixes adventure with social and scientific speculation.',
        6, 19),
       ('The Jewel of Seven Stars',
        'the-jewel-of-seven-stars',
        'An ancient Egyptian mystery draws modern characters into danger, obsession, and supernatural possibility. The novel blends archaeology with Gothic suspense.',
        7, 11),
       ('The Lair of the White Worm',
        'the-lair-of-the-white-worm',
        'A strange legend, unsettling behavior, and a monstrous threat gather around an English estate. The novel is a late Gothic horror story.',
        7, 11),
       ('The Lady of the Shroud',
        'the-lady-of-the-shroud',
        'A young heir becomes involved with a mysterious woman who appears connected to local superstition. The novel combines romance, intrigue, and Gothic atmosphere.',
        7, 18),
       ('Dracula''s Guest',
        'draculas-guest',
        'A collection of dark stories associated with Stoker''s Gothic imagination. The title story follows an unsettling encounter before the events of Dracula.',
        7, 11),
       ('Anna Karenina',
        'anna-karenina',
        'Anna''s passionate affair disrupts her family and social world, while other characters search for meaning, love, and honest work. The novel is a major realist classic.',
        8, 5),
       ('The Death of Ivan Ilyich',
        'the-death-of-ivan-ilyich',
        'A successful official faces illness and mortality, forcing him to examine the emptiness of his life. The novella is a concentrated study of fear and truth.',
        8, 16),
       ('Resurrection',
        'resurrection',
        'A nobleman confronts guilt after recognizing a woman he once wronged among criminal defendants. The novel explores justice, conscience, and social reform.',
        8, 5),
       ('The Cossacks',
        'the-cossacks',
        'A young Russian aristocrat seeks meaning and freedom among Cossack communities in the Caucasus. The novel contrasts idealism, nature, and social identity.',
        8, 10),
       ('The Brothers Karamazov',
        'the-brothers-karamazov',
        'Three brothers and their father are drawn into conflict, faith, jealousy, and murder. The novel explores morality, belief, family, and responsibility.',
        9, 5),
       ('The Idiot',
        'the-idiot',
        'Prince Myshkin enters Russian society with unusual innocence and compassion, unsettling those around him. The novel studies goodness, desire, and social cruelty.',
        9, 5),
       ('Demons',
        'demons',
        'A provincial town is shaken by radical politics, manipulation, and violence. The novel examines ideology, chaos, and moral collapse.',
        9, 21),
       ('Notes from Underground',
        'notes-from-underground',
        'An isolated narrator attacks rational certainty while exposing resentment, pride, and self-sabotage. The novella is a powerful psychological monologue.',
        9, 16),
       ('The Adventures of Tom Sawyer',
        'the-adventures-of-tom-sawyer',
        'Tom Sawyer searches for fun, mischief, treasure, and adventure along the Mississippi River. The novel captures childhood energy and small-town life.',
        10, 1),
       ('The Prince and the Pauper',
        'the-prince-and-the-pauper',
        'A poor boy and a prince exchange places and experience each other''s worlds. The story uses adventure and humor to explore class and identity.',
        10, 4),
       ('A Connecticut Yankee in King Arthur''s Court',
        'a-connecticut-yankee-in-king-arthurs-court',
        'A modern American is transported to medieval England and tries to reshape society with technology and practical knowledge. The novel mixes satire with fantasy.',
        10, 12),
       ('Life on the Mississippi',
        'life-on-the-mississippi',
        'Twain recalls his years on steamboats and observes the river communities of his time. The book combines memoir, travel writing, and humor.',
        10, 22),
       ('Through the Looking-Glass',
        'through-the-looking-glass',
        'Alice enters a mirror world shaped by chess, reversals, riddles, and strange characters. The story continues Carroll''s playful logic and fantasy.',
        11, 4),
       ('The Hunting of the Snark',
        'the-hunting-of-the-snark',
        'A comic poem follows an odd crew pursuing a mysterious creature called the Snark. The work is playful, strange, and built on nonsense logic.',
        11, 17),
       ('Sylvie and Bruno',
        'sylvie-and-bruno',
        'A story that moves between fairyland and the ordinary world, mixing fantasy, conversation, and moral reflection. It is one of Carroll''s later imaginative works.',
        11, 9),
       ('Phantasmagoria and Other Poems',
        'phantasmagoria-and-other-poems',
        'A collection of comic and imaginative poems filled with wordplay, odd scenes, and light supernatural touches. The book shows Carroll''s playful poetic style.',
        11, 17),
       ('Oliver Twist',
        'oliver-twist',
        'An orphaned boy faces poverty, crime, and exploitation in London. The novel is one of Dickens''s most direct social critiques.',
        12, 5),
       ('David Copperfield',
        'david-copperfield',
        'David looks back on childhood hardship, work, friendship, love, and growth. The novel is a major coming-of-age story with many memorable characters.',
        12, 5),
       ('A Tale of Two Cities',
        'a-tale-of-two-cities',
        'Set in London and Paris during the French Revolution, the novel follows sacrifice, revenge, and political violence. It is one of Dickens''s best-known historical works.',
        12, 10),
       ('A Christmas Carol',
        'a-christmas-carol',
        'Ebenezer Scrooge is visited by spirits who force him to confront his past, present, and possible future. The story became a classic tale of moral change.',
        12, 9),
       ('The Importance of Being Earnest',
        'the-importance-of-being-earnest',
        'A comedy of mistaken identities, invented names, romance, and social performance. The play is known for its wit and polished absurdity.',
        13, 12),
       ('De Profundis',
        'de-profundis',
        'A long personal letter written during Wilde''s imprisonment, reflecting on suffering, love, art, and spiritual change. It is one of his most intimate prose works.',
        13, 13),
       ('The Happy Prince and Other Tales',
        'the-happy-prince-and-other-tales',
        'A collection of fairy tales that mix beauty, sadness, generosity, and moral feeling. The stories are short, symbolic, and emotionally direct.',
        13, 4),
       ('Salome',
        'salome',
        'A dramatic retelling of the biblical story of Salome, desire, and fatal demand. The play is stylized, intense, and richly symbolic.',
        13, 8),
       ('Strange Case of Dr Jekyll and Mr Hyde',
        'strange-case-of-dr-jekyll-and-mr-hyde',
        'A respectable doctor creates a separate identity that releases his darker impulses. The novella is a classic study of divided personality and horror.',
        14, 11),
       ('Kidnapped',
        'kidnapped',
        'David Balfour is cheated of his inheritance and thrown into danger across Scotland. The novel combines pursuit, friendship, and historical adventure.',
        14, 1),
       ('The Black Arrow',
        'the-black-arrow',
        'Set during the Wars of the Roses, the story follows betrayal, rebellion, and a young man''s search for justice. It is a historical adventure novel.',
        14, 10),
       ('Catriona',
        'catriona',
        'The sequel to Kidnapped continues David Balfour''s trials, political danger, and romance. The novel blends legal intrigue with Scottish history.',
        14, 10),
       ('The Three Musketeers',
        'the-three-musketeers',
        'D''Artagnan joins Athos, Porthos, and Aramis in a world of duels, court plots, loyalty, and danger. The novel is a defining swashbuckling adventure.',
        15, 1),
       ('Twenty Years After',
        'twenty-years-after',
        'The musketeers reunite in a changing France shaped by politics, loyalty, and old rivalries. The novel continues Dumas''s historical adventure cycle.',
        15, 10),
       ('The Vicomte of Bragelonne',
        'the-vicomte-of-bragelonne',
        'Dumas continues the story of the musketeers during the reign of Louis XIV. The novel mixes court intrigue, friendship, and political maneuvering.',
        15, 10),
       ('The Black Tulip',
        'the-black-tulip',
        'A young man in the Netherlands becomes caught between political danger and a rare flower competition. The novel blends romance, history, and suspense.',
        15, 10),
       ('Nineteen Eighty-Four',
        'nineteen-eighty-four',
        'Winston Smith lives under constant surveillance in a society ruled by propaganda and fear. The novel is a classic warning about authoritarian power.',
        16, 5),
       ('Homage to Catalonia',
        'homage-to-catalonia',
        'Orwell recounts his experience in the Spanish Civil War, including combat, political confusion, and disillusionment. The book is both memoir and political reportage.',
        16, 15),
       ('Down and Out in Paris and London',
        'down-and-out-in-paris-and-london',
        'Orwell describes poverty, casual labor, and survival in two major cities. The book mixes memoir with social observation.',
        16, 13),
       ('The Road to Wigan Pier',
        'the-road-to-wigan-pier',
        'Orwell reports on working-class life in industrial northern England and reflects on politics and inequality. The book combines nonfiction and argument.',
        16, 15),
       ('Shirley',
        'shirley',
        'Set during industrial unrest in Yorkshire, the novel follows friendship, work, class tension, and romantic expectation. It is broader in social scope than Jane Eyre.',
        17, 5),
       ('Villette',
        'villette',
        'Lucy Snowe travels abroad to teach and build an independent life while confronting loneliness, desire, and uncertainty. The novel is subtle and psychologically rich.',
        17, 5),
       ('The Professor',
        'the-professor',
        'A young Englishman works as a teacher in Brussels and tries to establish himself professionally and emotionally. The novel reflects Bronte''s early themes.',
        17, 5),
       ('Poems by Currer, Ellis, and Acton Bell',
        'poems-by-currer-ellis-and-acton-bell',
        'A poetry collection published under the Bronte sisters'' pen names. The poems show early literary voices shaped by imagination, faith, nature, and feeling.',
        17, 17),
       ('The Complete Poems of Emily Bronte',
        'the-complete-poems-of-emily-bronte',
        'A collection of Emily Bronte''s poetry, including works of solitude, nature, imagination, and spiritual intensity. The poems reveal the force behind her fiction.',
        18, 17),
       ('Selected Poems of Emily Bronte',
        'selected-poems-of-emily-bronte',
        'A focused selection of Bronte''s poems, often marked by wild landscapes, inner strength, and emotional independence. The collection highlights her poetic voice.',
        18, 17),
       ('Gondal Poems',
        'gondal-poems',
        'Poems connected to Bronte''s imagined Gondal world, filled with passion, exile, conflict, and dramatic landscapes. They show her private mythmaking.',
        18, 17),
       ('No Coward Soul Is Mine',
        'no-coward-soul-is-mine',
        'A collection centered on Bronte''s powerful religious and philosophical poetry. The poems emphasize courage, immortality, and inner conviction.',
        18, 17),
       ('To the Lighthouse',
        'to-the-lighthouse',
        'A family''s visits to the Isle of Skye become a meditation on memory, art, time, and loss. The novel is one of Woolf''s central modernist works.',
        19, 5),
       ('Orlando',
        'orlando',
        'Orlando lives across centuries, changes gender, and moves through English literary history. The novel is playful, experimental, and biographical in form.',
        19, 9),
       ('A Room of One''s Own',
        'a-room-of-ones-own',
        'Woolf argues that women need money, space, and education to write freely. The essay is a landmark work of literary nonfiction.',
        19, 15),
       ('The Waves',
        'the-waves',
        'Six voices unfold in rhythmic monologues across the stages of life. The novel is one of Woolf''s most experimental works of modernist fiction.',
        19, 5);
